
{
    "comment" : "This file is used to help set default values when using the dotnet CLI extension Amazon.ElasticBeanstalk.Tools. For more information run \"dotnet eb --help\" from the project root.",
    "profile" : "user4proogram",
    "region"  : "us-east-2",
    "application" : "Lab3ArshdeepJashanjot",
    "environment" : "moviesnet",
    "cname"       : "moviesnet",
    "solution-stack" : "64bit Windows Server Core 2019 v2.5.10 running IIS 10.0",
    "environment-type" : "SingleInstance",
    "instance-profile" : "aws-elasticbeanstalk-ec2-role",
    "service-role"     : "aws-elasticbeanstalk-service-role",
    "health-check-url" : "/",
    "instance-type"    : "t2.micro",
    "key-pair"         : "j161",
    "iis-website"      : "Default Web Site",
    "app-path"         : "/",
    "enable-xray"      : false
}